<?xml version="1.0" encoding="UTF-8" standalone="yes"?>
<metadataSupplement>
    <tables>
        <table dataLocale="en_US" dataSources="ds7" resourceIdentifier="'cas-shared-default','GCSTT','HOME_EQUITY','en_US'" tableModifiedTimeStamp="2024-04-18T15:25:36.733Z">
            <columns>
                <column dataType="double" format="BEST12." label="Loan Status" xref="BAD"/>
                <column dataType="double" format="DOLLAR12." label="Amount of Loan Request" xref="LOAN"/>
                <column dataType="double" format="DOLLAR12." label="Amount Due on Existing Mortgage" xref="MORTDUE"/>
                <column dataType="double" format="DOLLAR12." label="Value of Current Property" xref="VALUE"/>
                <column dataType="string" label="Loan Purpose" xref="REASON"/>
                <column dataType="string" label="Job Category" xref="JOB"/>
                <column dataType="double" format="BEST12." label="Years at Present Job" xref="YOJ"/>
                <column dataType="double" format="BEST12." label="Number of Derogatory Reports" xref="DEROG"/>
                <column dataType="double" format="BEST12." label="Number of Delinquent Credit Lines" xref="DELINQ"/>
                <column dataType="double" format="COMMA8.1" label="Age of Oldest Credit Line (months)" xref="CLAGE"/>
                <column dataType="double" format="BEST12." label="Number of Recent Credit Inquiries" xref="NINQ"/>
                <column dataType="double" format="BEST12." label="Number of Credit Lines" xref="CLNO"/>
                <column dataType="double" format="F8.1" label="Debt to Income Ratio" xref="DEBTINC"/>
                <column dataType="date" format="DATE9" label="Loan Application Date" xref="APPDATE"/>
                <column dataType="string" label="City" xref="CITY"/>
                <column dataType="string" label="State" xref="STATE"/>
                <column dataType="string" label="Division" xref="DIVISION"/>
                <column dataType="string" label="Region" xref="REGION"/>
            </columns>
        </table>
        <table dataLocale="en_US" dataSources="ds1134" resourceIdentifier="GeneratedResource-ge1131" tableModifiedTimeStamp="2024-04-18T15:25:36.733Z">
            <columns/>
        </table>
    </tables>
    <version>2</version>
</metadataSupplement>
