<?xml version="1.0" encoding="UTF-8" standalone="yes"?>
<reportPackage>
    <dataLevel>offline</dataLevel>
    <files>
        <file contentKey="HZOP3GGAOLI4OICBIFR2JMRKBKIE5J7X" name="report" type="report">
            <links>
                <link href="/report.xml" method="GET" rel="content" type="application/vnd.sas.report.content" uri="/report.xml"/>
            </links>
        </file>
        <file contentKey="GTXQ7DHIUU4RQU7OQIO2QSXMIRI7JBY2" name="basems1.css" type="css">
            <links>
                <link href="/css/basems1.css" method="GET" rel="content" type="text/css" uri="/css/basems1.css"/>
            </links>
        </file>
        <file contentKey="MUKCJKQM63VYSZZCK4R73R2RV3I6MFDR" name="highcontrast.css" type="css">
            <links>
                <link href="/css/highcontrast.css" method="GET" rel="content" type="text/css" uri="/css/highcontrast.css"/>
            </links>
        </file>
        <file contentKey="3XK6U5DOXUHM2HYTU36VX3YCPCHO4VVG" name="ms1.css" type="css">
            <links>
                <link href="/css/ms1.css" method="GET" rel="content" type="text/css" uri="/css/ms1.css"/>
            </links>
        </file>
        <file contentKey="MJNJXJ7AOQOX5YK5D2ILOS3URTNPU5TR" name="dd19499.csv" type="data">
            <links>
                <link href="/data/dd19499.csv" method="GET" rel="content" type="text/csv" uri="/data/dd19499.csv"/>
            </links>
        </file>
        <file contentKey="HH2ZV6RRIRIJXQCQKGMKDLXJI7FI4FPO" name="dd19499index.csv" type="data">
            <links>
                <link href="/data/dd19499index.csv" method="GET" rel="content" type="text/csv" uri="/data/dd19499index.csv"/>
            </links>
        </file>
        <file contentKey="PRKNREARKNN4ADQHHP37RCBZIEVVBLCP" name="dd19499_MAPSGFK.VANAMERICA1.gml" type="gml">
            <links>
                <link href="/gml/dd19499_MAPSGFK.VANAMERICA1.gml" method="GET" rel="content" type="application/gml+xml" uri="/gml/dd19499_MAPSGFK.VANAMERICA1.gml"/>
            </links>
        </file>
        <file contentKey="OMAWNG5BG4YEXWKH4KVSVX7WRJTZPLQ3" name="dd22546.csv" type="data">
            <links>
                <link href="/data/dd22546.csv" method="GET" rel="content" type="text/csv" uri="/data/dd22546.csv"/>
            </links>
        </file>
        <file contentKey="K3FVM5G6PI35PXKLP66HELH2SV4QEOKB" name="dd22546index.csv" type="data">
            <links>
                <link href="/data/dd22546index.csv" method="GET" rel="content" type="text/csv" uri="/data/dd22546index.csv"/>
            </links>
        </file>
        <file contentKey="MGCBIV2O4RTD4ISKHTAHQUZJSTZGQNK3" name="dd22548.csv" type="data">
            <links>
                <link href="/data/dd22548.csv" method="GET" rel="content" type="text/csv" uri="/data/dd22548.csv"/>
            </links>
        </file>
        <file contentKey="ZT6CHSODFOCB25UB7F3HH75WEJV5L3S2" name="dd22548index.csv" type="data">
            <links>
                <link href="/data/dd22548index.csv" method="GET" rel="content" type="text/csv" uri="/data/dd22548index.csv"/>
            </links>
        </file>
        <file contentKey="2UGKZBPYFVV72DSZ757RD237YQIBXSIR" name="metadataSupplement" type="resource">
            <links>
                <link href="/metadataSupplement.xml" method="GET" rel="content" type="application/vnd.sas.report.metadata.supplement" uri="/metadataSupplement.xml"/>
            </links>
        </file>
        <file contentKey="KYSRWERT523VQ6DWSTZAY4UE4SHNLSAH" name="packageStatusReport.txt" type="status">
            <links>
                <link href="/packageStatusReport.txt" method="GET" rel="content" type="text/plain" uri="/packageStatusReport.txt"/>
            </links>
        </file>
        <file contentKey="TXOS452EYKVLJGO5KIQO7RUJ3XWWXMJZ" name="index.html" type="html">
            <links>
                <link href="/index.html" method="GET" rel="content" type="text/html" uri="/index.html"/>
            </links>
        </file>
        <file contentKey="LNIZ5O5ZK7BEUA47B55ZB55EPTOWSUZS" name="packageIndex.html" type="html">
            <links>
                <link href="/packageIndex.html" method="GET" rel="content" type="text/html" uri="/packageIndex.html"/>
            </links>
        </file>
        <file contentKey="DBBE3TOHKWCRXQWATFAR4EC4EHXXEZRT" name="viyafonts.css" type="css">
            <links>
                <link href="/css/viyafonts.css" method="GET" rel="content" type="text/css" uri="/css/viyafonts.css"/>
            </links>
        </file>
        <file contentKey="Q4I6KQ5CXZYSWD2D6ZXUR6HSSNLBMMHQ" name="settings" type="resource">
            <links>
                <link href="/settings.json" method="GET" rel="content" type="application/vnd.sas.attributes" uri="/settings.json"/>
            </links>
        </file>
    </files>
    <formatLocale>en-US</formatLocale>
    <generatedTimeStamp>2024-04-18T16:30:29.105Z</generatedTimeStamp>
    <id>o_06db02b3-3fe5-42f9-bac2-5a7c1d922c57</id>
    <links>
        <link href="/reportPackages/packages/o_06db02b3-3fe5-42f9-bac2-5a7c1d922c57" method="GET" rel="self" type="application/vnd.sas.report.package" uri="/reportPackages/packages/o_06db02b3-3fe5-42f9-bac2-5a7c1d922c57"/>
        <link href="/reportData/results?reportContentKey=KWS5XR6HFAMR3X4MJOTP4W7VIZAIOVMK" method="POST" rel="requery" responseType="application/vnd.sas.report.results" type="application/vnd.sas.report.query.state" uri="/reportData/results?reportContentKey=KWS5XR6HFAMR3X4MJOTP4W7VIZAIOVMK"/>
        <link href="/reportData/jobs?reportContentKey=KWS5XR6HFAMR3X4MJOTP4W7VIZAIOVMK" method="POST" rel="requeryJob" responseType="application/vnd.sas.report.data.job" type="application/vnd.sas.report.query.state" uri="/reportData/jobs?reportContentKey=KWS5XR6HFAMR3X4MJOTP4W7VIZAIOVMK"/>
    </links>
    <locale>en-US</locale>
    <modifiedTimeStamp>2024-04-18T15:35:14Z</modifiedTimeStamp>
    <size>1437286</size>
    <source>JSON:/reports/reports/e2c29c3a-551e-454e-85b7-94661cc0d2db</source>
    <version>42</version>
    <warnings>result,limitedInteractivity</warnings>
</reportPackage>
