<?xml version="1.0" encoding="UTF-8" standalone="yes"?>
<metadataSupplement>
    <tables>
        <table dataLocale="en_US" dataSources="ds7" resourceIdentifier="'cas-shared-default','GCSTT','HOMEEQUITY_SCOREDLOANS','en_US'" tableModifiedTimeStamp="2024-04-18T15:29:18.830Z">
            <columns>
                <column dataType="double" format="COMMA8.1" label="Age of Oldest Credit Line (months)" xref="CLAGE"/>
                <column dataType="double" format="BEST12." label="Number of Credit Lines" xref="CLNO"/>
                <column dataType="double" format="BEST12." label="Number of Delinquent Credit Lines" xref="DELINQ"/>
                <column dataType="double" format="BEST12." label="Number of Derogatory Reports" xref="DEROG"/>
                <column dataType="string" label="Division" xref="DIVISION"/>
                <column dataType="string" label="Job Category" xref="JOB"/>
                <column dataType="double" format="DOLLAR12." label="Amount of Loan Request" xref="LOAN"/>
                <column dataType="double" format="DOLLAR12." label="Amount Due on Existing Mortgage" xref="MORTDUE"/>
                <column dataType="double" format="BEST12." label="Number of Recent Credit Inquiries" xref="NINQ"/>
                <column dataType="double" format="DOLLAR12." label="Value of Current Property" xref="VALUE"/>
                <column dataType="double" format="BEST12." label="Years at Present Job" xref="YOJ"/>
                <column dataType="double" format="BEST12." label="Probability for BAD=1" xref="EM_EVENTPROBABILITY"/>
                <column dataType="double" format="F8.1" label="Debt to Income Ratio" xref="DEBTINC"/>
                <column dataType="string" label="Predicted for BAD" xref="EM_CLASSIFICATION"/>
                <column dataType="double" format="BEST12." label="Probability of Classification" xref="EM_PROBABILITY"/>
                <column dataType="double" format="BEST12." label="Transformed Age of Oldest Credit Line (months)" xref="SQRT_CLAGE"/>
                <column dataType="double" format="BEST12." label="Transformed Number of Credit Lines" xref="SQRT_CLNO"/>
                <column dataType="double" format="BEST12." label="Transformed Amount of Loan Request" xref="SQRT_LOAN"/>
                <column dataType="double" format="BEST12." label="Transformed Amount Due on Existing Mortgage" xref="SQRT_MORTDUE"/>
                <column dataType="double" format="BEST12." label="Transformed Value of Current Property" xref="SQRT_VALUE"/>
                <column dataType="double" format="BEST12." label="Transformed Years at Present Job" xref="SQRT_YOJ"/>
                <column dataType="double" format="BEST12." label="Transformed Number of Delinquent Credit Lines" xref="TARGENC_DELINQ"/>
                <column dataType="double" format="BEST12." label="Transformed Number of Derogatory Reports" xref="TARGENC_DEROG"/>
                <column dataType="double" format="BEST12." label="Transformed Division" xref="TARGENC_DIVISION"/>
                <column dataType="double" format="BEST12." label="Transformed Job Category" xref="TARGENC_JOB"/>
                <column dataType="double" format="BEST12." label="Transformed Number of Recent Credit Inquiries" xref="TARGENC_NINQ"/>
                <column dataType="string" label="Loan Purpose" xref="REASON"/>
                <column dataType="string" label="Region" xref="REGION"/>
                <column dataType="double" format="BEST12." label="Predicted: BAD=1" xref="P_BAD1"/>
                <column dataType="double" format="BEST12." label="Predicted: BAD=0" xref="P_BAD0"/>
                <column dataType="string" label="Into: BAD" xref="I_BAD"/>
                <column dataType="string" label="Warnings" xref="_WARN_"/>
                <column dataType="string" label="City" xref="CITY"/>
                <column dataType="date" format="DATE9" label="Loan Application Date" xref="APPDATE"/>
                <column dataType="string" label="State" xref="STATE"/>
            </columns>
        </table>
        <table dataLocale="en_US" dataSources="ds501" resourceIdentifier="GeneratedResource-ge423" tableModifiedTimeStamp="2024-04-18T15:29:18.830Z">
            <columns>
                <column dataType="double" format="COMMA20." label="Cluster ID" xref="_CLUSTER_ID_"/>
            </columns>
        </table>
        <table dataLocale="en_US" dataSources="ds1012" resourceIdentifier="'cas-shared-default','GCSTT','HOME_EQUITY','en_US'" tableModifiedTimeStamp="2024-04-18T15:25:36.733Z">
            <columns>
                <column dataType="double" format="BEST12." label="Loan Status" xref="BAD"/>
                <column dataType="double" format="DOLLAR12." label="Amount of Loan Request" xref="LOAN"/>
                <column dataType="double" format="DOLLAR12." label="Amount Due on Existing Mortgage" xref="MORTDUE"/>
                <column dataType="double" format="DOLLAR12." label="Value of Current Property" xref="VALUE"/>
                <column dataType="string" label="Loan Purpose" xref="REASON"/>
                <column dataType="string" label="Job Category" xref="JOB"/>
                <column dataType="double" format="BEST12." label="Years at Present Job" xref="YOJ"/>
                <column dataType="double" format="BEST12." label="Number of Derogatory Reports" xref="DEROG"/>
                <column dataType="double" format="BEST12." label="Number of Delinquent Credit Lines" xref="DELINQ"/>
                <column dataType="double" format="COMMA8.1" label="Age of Oldest Credit Line (months)" xref="CLAGE"/>
                <column dataType="double" format="BEST12." label="Number of Recent Credit Inquiries" xref="NINQ"/>
                <column dataType="double" format="BEST12." label="Number of Credit Lines" xref="CLNO"/>
                <column dataType="double" format="F8.1" label="Debt to Income Ratio" xref="DEBTINC"/>
                <column dataType="date" format="DATE9" label="Loan Application Date" xref="APPDATE"/>
                <column dataType="string" label="City" xref="CITY"/>
                <column dataType="string" label="State" xref="STATE"/>
                <column dataType="string" label="Division" xref="DIVISION"/>
                <column dataType="string" label="Region" xref="REGION"/>
            </columns>
        </table>
    </tables>
    <version>2</version>
</metadataSupplement>
