<?xml version="1.0" encoding="UTF-8" standalone="yes"?>
<reportPackage>
    <dataLevel>offline</dataLevel>
    <files>
        <file contentKey="P56DYD3BKY7NKXSC7LHOQHCXGH6O4QHO" name="report" type="report">
            <links>
                <link href="/report.xml" method="GET" rel="content" type="application/vnd.sas.report.content" uri="/report.xml"/>
            </links>
        </file>
        <file contentKey="AWN7D5F5DOQKHJEL2WN63DSJSKMYJ74H" name="basems1.css" type="css">
            <links>
                <link href="/css/basems1.css" method="GET" rel="content" type="text/css" uri="/css/basems1.css"/>
            </links>
        </file>
        <file contentKey="MUKCJKQM63VYSZZCK4R73R2RV3I6MFDR" name="highcontrast.css" type="css">
            <links>
                <link href="/css/highcontrast.css" method="GET" rel="content" type="text/css" uri="/css/highcontrast.css"/>
            </links>
        </file>
        <file contentKey="CU2VXKVVAEQJTRFFP4BAUNP5FE5AKBYJ" name="ms1.css" type="css">
            <links>
                <link href="/css/ms1.css" method="GET" rel="content" type="text/css" uri="/css/ms1.css"/>
            </links>
        </file>
        <file contentKey="7YLN33QZPRYBHRI276NQI5WHWZBV2ZXF" name="ve1858.jpg" source="/files/files/9b14b6d0-98ed-4692-8398-e1a0e5499735" type="image">
            <links>
                <link href="/image/ve1858.jpg" method="GET" rel="content" type="image/jpeg" uri="/image/ve1858.jpg"/>
            </links>
        </file>
        <file contentKey="N454TIDB22IJQYJUFGA32A2QKLCRCHO4" name="dd702.csv" type="data">
            <links>
                <link href="/data/dd702.csv" method="GET" rel="content" type="text/csv" uri="/data/dd702.csv"/>
            </links>
        </file>
        <file contentKey="INGJEFUIJCSR6XE3ZTIFTAC6F6XTIFVX" name="dd702index.csv" type="data">
            <links>
                <link href="/data/dd702index.csv" method="GET" rel="content" type="text/csv" uri="/data/dd702index.csv"/>
            </links>
        </file>
        <file contentKey="G45DPMTVL37ROTV6YDSIW4G6LX75CWAW" name="dd760.csv" type="data">
            <links>
                <link href="/data/dd760.csv" method="GET" rel="content" type="text/csv" uri="/data/dd760.csv"/>
            </links>
        </file>
        <file contentKey="7RA7MFKQJBT4AZKZK6P4HWAKLC7K6QCU" name="dd760index.csv" type="data">
            <links>
                <link href="/data/dd760index.csv" method="GET" rel="content" type="text/csv" uri="/data/dd760index.csv"/>
            </links>
        </file>
        <file contentKey="UBDELD6JRV3HU5XEWLPVLAZVLPHGA5HZ" name="dd761.csv" type="data">
            <links>
                <link href="/data/dd761.csv" method="GET" rel="content" type="text/csv" uri="/data/dd761.csv"/>
            </links>
        </file>
        <file contentKey="7RA7MFKQJBT4AZKZK6P4HWAKLC7K6QCU" name="dd761index.csv" type="data">
            <links>
                <link href="/data/dd761index.csv" method="GET" rel="content" type="text/csv" uri="/data/dd761index.csv"/>
            </links>
        </file>
        <file contentKey="7IYT2G7NHQH4KHRMK3A2IIQRIFZF372J" name="dd762.csv" type="data">
            <links>
                <link href="/data/dd762.csv" method="GET" rel="content" type="text/csv" uri="/data/dd762.csv"/>
            </links>
        </file>
        <file contentKey="JJCAT5AI4HIBZM3QAZLKE5CQFMEZB723" name="dd456.csv" type="data">
            <links>
                <link href="/data/dd456.csv" method="GET" rel="content" type="text/csv" uri="/data/dd456.csv"/>
            </links>
        </file>
        <file contentKey="VZ336Q75ITJNPT256ET6J4EZRKXGBDD6" name="dd456index.csv" type="data">
            <links>
                <link href="/data/dd456index.csv" method="GET" rel="content" type="text/csv" uri="/data/dd456index.csv"/>
            </links>
        </file>
        <file contentKey="KTK4FOK6SVBOQHT2JKHWHYLZBLRSXEFX" name="dd319.csv" type="data">
            <links>
                <link href="/data/dd319.csv" method="GET" rel="content" type="text/csv" uri="/data/dd319.csv"/>
            </links>
        </file>
        <file contentKey="L4FYU27U4RBGCFIN7S2DY3BYXO7PV6YN" name="dd258.csv" type="data">
            <links>
                <link href="/data/dd258.csv" method="GET" rel="content" type="text/csv" uri="/data/dd258.csv"/>
            </links>
        </file>
        <file contentKey="INGJEFUIJCSR6XE3ZTIFTAC6F6XTIFVX" name="dd258index.csv" type="data">
            <links>
                <link href="/data/dd258index.csv" method="GET" rel="content" type="text/csv" uri="/data/dd258index.csv"/>
            </links>
        </file>
        <file contentKey="AZJF5ZDVGU7KQCXYCNHNQ5FCSA557F7F" name="dd428.csv" type="data">
            <links>
                <link href="/data/dd428.csv" method="GET" rel="content" type="text/csv" uri="/data/dd428.csv"/>
            </links>
        </file>
        <file contentKey="TAU2ZIRRGRPJSQBSMQJE436CS2SUKL7B" name="dd434.csv" type="data">
            <links>
                <link href="/data/dd434.csv" method="GET" rel="content" type="text/csv" uri="/data/dd434.csv"/>
            </links>
        </file>
        <file contentKey="ZAYT33LHXYI7ZQFLDNDX7HAEPUYQZLID" name="metadataSupplement" type="resource">
            <links>
                <link href="/metadataSupplement.xml" method="GET" rel="content" type="application/vnd.sas.report.metadata.supplement" uri="/metadataSupplement.xml"/>
            </links>
        </file>
        <file contentKey="5NUILLKOFRZCFKWPSFMWIHSVJ3TODJQN" name="packageStatusReport.txt" type="status">
            <links>
                <link href="/packageStatusReport.txt" method="GET" rel="content" type="text/plain" uri="/packageStatusReport.txt"/>
            </links>
        </file>
        <file contentKey="TXOS452EYKVLJGO5KIQO7RUJ3XWWXMJZ" name="index.html" type="html">
            <links>
                <link href="/index.html" method="GET" rel="content" type="text/html" uri="/index.html"/>
            </links>
        </file>
        <file contentKey="ZJDG5C5GNTHZSU6ZJIUDHBQ7M63IHECU" name="packageIndex.html" type="html">
            <links>
                <link href="/packageIndex.html" method="GET" rel="content" type="text/html" uri="/packageIndex.html"/>
            </links>
        </file>
        <file contentKey="SNCF6XJY7ML6RSAFZK5TWJYPI356VIJZ" name="viyafonts.css" type="css">
            <links>
                <link href="/css/viyafonts.css" method="GET" rel="content" type="text/css" uri="/css/viyafonts.css"/>
            </links>
        </file>
        <file contentKey="Q4I6KQ5CXZYSWD2D6ZXUR6HSSNLBMMHQ" name="settings" type="resource">
            <links>
                <link href="/settings.json" method="GET" rel="content" type="application/vnd.sas.attributes" uri="/settings.json"/>
            </links>
        </file>
    </files>
    <formatLocale>en-US</formatLocale>
    <generatedTimeStamp>2024-04-18T16:31:59.112Z</generatedTimeStamp>
    <id>o_60450edd-c760-482c-97fe-f1977924cfad</id>
    <links>
        <link href="/reportPackages/packages/o_60450edd-c760-482c-97fe-f1977924cfad" method="GET" rel="self" type="application/vnd.sas.report.package" uri="/reportPackages/packages/o_60450edd-c760-482c-97fe-f1977924cfad"/>
        <link href="/reportData/results?reportContentKey=QYEY6FVMVUVEFPNZ3P7XRPGA2R3OR7AO&amp;reportUri=%2Freports%2Freports%2F5c9b7e2c-4856-4a19-930c-0204f461f5be&amp;reportDate=2024-04-18T16%3A31%3A59.112Z" method="POST" rel="requery" responseType="application/vnd.sas.report.results" type="application/vnd.sas.report.query.state" uri="/reportData/results?reportContentKey=QYEY6FVMVUVEFPNZ3P7XRPGA2R3OR7AO&amp;reportUri=%2Freports%2Freports%2F5c9b7e2c-4856-4a19-930c-0204f461f5be&amp;reportDate=2024-04-18T16%3A31%3A59.112Z"/>
        <link href="/reportData/jobs?reportContentKey=QYEY6FVMVUVEFPNZ3P7XRPGA2R3OR7AO&amp;reportUri=%2Freports%2Freports%2F5c9b7e2c-4856-4a19-930c-0204f461f5be&amp;reportDate=2024-04-18T16%3A31%3A59.112Z" method="POST" rel="requeryJob" responseType="application/vnd.sas.report.data.job" type="application/vnd.sas.report.query.state" uri="/reportData/jobs?reportContentKey=QYEY6FVMVUVEFPNZ3P7XRPGA2R3OR7AO&amp;reportUri=%2Freports%2Freports%2F5c9b7e2c-4856-4a19-930c-0204f461f5be&amp;reportDate=2024-04-18T16%3A31%3A59.112Z"/>
    </links>
    <locale>en-US</locale>
    <modifiedTimeStamp>2024-04-18T15:35:35.264Z</modifiedTimeStamp>
    <size>646257</size>
    <source>/reports/reports/5c9b7e2c-4856-4a19-930c-0204f461f5be</source>
    <version>42</version>
    <warnings>result,limitedInteractivity</warnings>
</reportPackage>
