"<div><span style='font-weight:bold;font-size:15pt;text-align:center;'>32.69%</span></div>"
"<div><span style='font-weight:bold;font-size:15pt;text-align:center;'>6.12%</span></div>"
"<div><span style='font-weight:bold;font-size:15pt;text-align:center;'>6.71%</span></div>"
"<div><span>If </span><span class='CustomStyle1'>{1_bi12}</span><span>, </span><span>then Loan Status Category has a 6.71% chance (306 of 4.6K cases) of being Default.</span></div>"
"<div><span>If </span><span class='CustomStyle1'>{1_bi22440}</span><span>, </span><span class='CustomStyle3'>{3_bi22440}</span><span>, </span><span>then Loan Status Category has a 6.12% chance (276 of 4.5K cases) of being Default.</span></div>"
"<div><span>If </span><span class='CustomStyle1'>Debt to Income Ratio is less than 44</span><span>, </span><span class='CustomStyle3'>Value of Current Property is less than $296K</span><span>, </span><span>then Loan Status Category has a 6.12% chance (276 of 4.5K cases) of being Default.</span></div>"
"<div><span>If </span><span class='CustomStyle1'>Debt to Income Ratio is less than 44</span><span>, </span><span>then Loan Status Category has a 6.71% chance (306 of 4.6K cases) of being Default.</span></div>"
"<div><span>If </span><span class='CustomStyle4'>{3_bi13}</span><span>, </span><span class='CustomStyle1'>{8_bi13}</span><span>, </span><span>then Loan Status Category has a 32.69% chance (17 of 52 cases) of being Default.</span></div>"
"<div><span>If </span><span class='CustomStyle4'>Number of Derogatory Reports is 0, 5, 6, 7, 8, 9, 10, or Missing</span><span>, </span><span class='CustomStyle1'>Debt to Income Ratio is between 44 and 46</span><span>, </span><span>then Loan Status Category has a 32.69% chance (17 of 52 cases) of being Default.</span></div>"
"17 out of 52"
"276 out of 4,509"
"306 out of 4,561"
"and(and(ge(${bi11,raw},43.680068798196004),lt(${bi11,raw},46.13555582722481)),or(and(ge(${bi11,raw},43.680068798196004),lt(${bi11,raw},46.13555582722481)),ismissing(${bi11,raw})),in(${bi13,binned},.,0.0,5.0,6.0,7.0,8.0,9.0,10.0),or(ge(${bi11,raw},43.680068798196004),ismissing(${bi11,raw})))"
"and(and(notMissing(${bi22440,raw}),lt(${bi22440,raw},295502.51200000016)),and(notMissing(${bi11,raw}),lt(${bi11,raw},43.680068798196004)))"
"and(notMissing(${bi11,raw}),lt(${bi11,raw},43.680068798196004))"
