"<div><span style='font-weight:bold;font-size:15pt;text-align:center;'>100.00%</span></div>"
"<div><span>If </span><span class='CustomStyle1'>{4_bi17}</span><span>, </span><span>then Loan Status Category has a 100.00% chance (71 of 71 cases) of being Default.</span></div>"
"<div><span>If </span><span class='CustomStyle1'>Debt to Income Ratio is greater than or equal to 46</span><span>, </span><span>then Loan Status Category has a 100.00% chance (71 of 71 cases) of being Default.</span></div>"
"<div><span>If </span><span class='CustomStyle3'>{6_bi22440}</span><span>, </span><span class='CustomStyle1'>{8_bi22440}</span><span>, </span><span>then Loan Status Category has a 100.00% chance (68 of 68 cases) of being Default.</span></div>"
"<div><span>If </span><span class='CustomStyle3'>Value of Current Property is greater than or equal to $21K</span><span>, </span><span class='CustomStyle1'>Debt to Income Ratio is greater than or equal to 46</span><span>, </span><span>then Loan Status Category has a 100.00% chance (68 of 68 cases) of being Default.</span></div>"
"<div><span>If </span><span class='CustomStyle4'>{3_bi13}</span><span>, </span><span class='CustomStyle1'>{6_bi13}</span><span>, </span><span>then Loan Status Category has a 100.00% chance (53 of 53 cases) of being Default.</span></div>"
"<div><span>If </span><span class='CustomStyle4'>Number of Derogatory Reports is 0, 5, 6, 7, 8, 9, 10, or Missing</span><span>, </span><span class='CustomStyle1'>Debt to Income Ratio is greater than or equal to 46</span><span>, </span><span>then Loan Status Category has a 100.00% chance (53 of 53 cases) of being Default.</span></div>"
"53 out of 53"
"68 out of 68"
"71 out of 71"
"and(ge(${bi11,raw},46.13555582722481),ge(${bi22440,raw},20526.88),or(ge(${bi11,raw},43.680068798196004),ismissing(${bi11,raw})))"
"and(ge(${bi11,raw},46.13555582722481),in(${bi13,binned},.,0.0,5.0,6.0,7.0,8.0,9.0,10.0),or(ge(${bi11,raw},43.680068798196004),ismissing(${bi11,raw})))"
"and(ge(${bi11,raw},46.13555582722481),or(ge(${bi11,raw},43.680068798196004),ismissing(${bi11,raw})))"
